Workbook

Sheet Assumptions
A1: DEEP BLUE HEALTH - COMPLETE KEYWORD-LEVEL ANALYSIS
A3: GLOBAL ASSUMPTIONS
A4: Monthly Test Budget | B4: 500
A5: Base CVR (Shopify 90-day) | B5: 0.0355
A6: New Market CVR Discount | B6: 0.7
A7: Adjusted CVR | B7: =B5*B6 -> 0.02485
A8: Target CPA | B8: 50
A9: Max CPA % of AOV | B9: 0.45
A12: PRODUCTS
A13: Product | B13: AOV | C13: Max CPA
A14: KUKU Range | B14: 280 | C14: =B14*$B$9 -> 126
A15: Marine Collagen Twin Pack | B15: 106 | C15: =B15*$B$9 -> 47.7
A16: Pure Pets Gift Box | B16: 157 | C16: =B16*$B$9 -> 70.65
A17: Sheep Placenta Twin Pack | B17: 158 | C17: =B17*$B$9 -> 71.1
A18: Deer Velvet Twin Pack | B18: 120 | C18: =B18*$B$9 -> 54
A19: Pro Cellular White | B19: 128 | C19: =B19*$B$9 -> 57.6
A20: CeRa+ Smooth | B20: 190 | C20: =B20*$B$9 -> 85.5
A21: NANO + White | B21: 120 | C21: =B21*$B$9 -> 54

Sheet Full Keyword Breakdown
A1: COMPLETE PRODUCT × MARKET × KEYWORD ANALYSIS
A2: Every keyword for every product in every market
A4: Product | B4: Market | C4: Keyword | D4: Monthly Searches | E4: YoY Change | F4: CPC Low | G4: CPC High | H4: Avg CPC | I4: Est. Clicks | J4: Est. Conversions | K4: Est. CPA | L4: AOV | M4: Max CPA | N4: Viable? | O4: Language | P4: Priority
A5: KUKU Range | B5: Philippines | C5: green lipped mussel | D5: 260 | E5: - | F5: 0.07 | G5: 0.66 | H5: =(F5+G5)/2 -> 0.365 | I5: =ROUND(Assumptions!$B$4/H5,0) -> 1370 | J5: =ROUND(I5*Assumptions!$B$7,2) -> 34.04 | K5: =IF(J5>0,ROUND(Assumptions!$B$4/J5,0),9999) -> 15 | L5: 280 | M5: =L5*Assumptions!$B$9 -> 126 | N5: =IF(K5<=Assumptions!$B$8,"YES ✓",IF(K5<=M5,"TEST","NO ✗")) -> YES ✓ | O5: English OK | P5: =IF(N5="YES ✓",IF(O5="English OK","🟢 LAUNCH","🟡 LAUNCH+LOC"),IF(N5="TEST",IF(O5="English OK","🟡 TEST","🟠 TEST+LOC"),"🔴 SKIP")) -> 🟢 LAUNCH
A6: KUKU Range | B6: Philippines | C6: joint health supplements | D6: 210 | E6: +2300% | F6: 0.22 | G6: 8.27 | H6: =(F6+G6)/2 -> 4.245 | I6: =ROUND(Assumptions!$B$4/H6,0) -> 118 | J6: =ROUND(I6*Assumptions!$B$7,2) -> 2.93 | K6: =IF(J6>0,ROUND(Assumptions!$B$4/J6,0),9999) -> 171 | L6: 280 | M6: =L6*Assumptions!$B$9 -> 126 | N6: =IF(K6<=Assumptions!$B$8,"YES ✓",IF(K6<=M6,"TEST","NO ✗")) -> NO ✗ | O6: English OK | P6: =IF(N6="YES ✓",IF(O6="English OK","🟢 LAUNCH","🟡 LAUNCH+LOC"),IF(N6="TEST",IF(O6="English OK","🟡 TEST","🟠 TEST+LOC"),"🔴 SKIP")) -> 🔴 SKIP
A7: KUKU Range | B7: Philippines | C7: joint supplements | D7: 70 | E7: - | F7: 0.12 | G7: 0.89 | H7: =(F7+G7)/2 -> 0.505 | I7: =ROUND(Assumptions!$B$4/H7,0) -> 990 | J7: =ROUND(I7*Assumptions!$B$7,2) -> 24.6 | K7: =IF(J7>0,ROUND(Assumptions!$B$4/J7,0),9999) -> 20 | L7: 280 | M7: =L7*Assumptions!$B$9 -> 126 | N7: =IF(K7<=Assumptions!$B$8,"YES ✓",IF(K7<=M7,"TEST","NO ✗")) -> YES ✓ | O7: English OK | P7: =IF(N7="YES ✓",IF(O7="English OK","🟢 LAUNCH","🟡 LAUNCH+LOC"),IF(N7="TEST",IF(O7="English OK","🟡 TEST","🟠 TEST+LOC"),"🔴 SKIP")) -> 🟢 LAUNCH
A8: KUKU Range | B8: Philippines | C8: arthritis supplements | D8: 50 | E8: - | F8: 0.1 | G8: 0.72 | H8: =(F8+G8)/2 -> 0.41 | I8: =ROUND(Assumptions!$B$4/H8,0) -> 1220 | J8: =ROUND(I8*Assumptions!$B$7,2) -> 30.32 | K8: =IF(J8>0,ROUND(Assumptions!$B$4/J8,0),9999) -> 16 | L8: 280 | M8: =L8*Assumptions!$B$9 -> 126 | N8: =IF(K8<=Assumptions!$B$8,"YES ✓",IF(K8<=M8,"TEST","NO ✗")) -> YES ✓ | O8: English OK | P8: =IF(N8="YES ✓",IF(O8="English OK","🟢 LAUNCH","🟡 LAUNCH+LOC"),IF(N8="TEST",IF(O8="English OK","🟡 TEST","🟠 TEST+LOC"),"🔴 SKIP")) -> 🟢 LAUNCH
A9: KUKU Range | B9: Philippines | C9: mussel oil | D9: 30 | E9: - | F9: 0.08 | G9: 0.55 | H9: =(F9+G9)/2 -> 0.315 | I9: =ROUND(Assumptions!$B$4/H9,0) -> 1587 | J9: =ROUND(I9*Assumptions!$B$7,2) -> 39.44 | K9: =IF(J9>0,ROUND(Assumptions!$B$4/J9,0),9999) -> 13 | L9: 280 | M9: =L9*Assumptions!$B$9 -> 126 | N9: =IF(K9<=Assumptions!$B$8,"YES ✓",IF(K9<=M9,"TEST","NO ✗")) -> YES ✓ | O9: English OK | P9: =IF(N9="YES ✓",IF(O9="English OK","🟢 LAUNCH","🟡 LAUNCH+LOC"),IF(N9="TEST",IF(O9="English OK","🟡 TEST","🟠 TEST+LOC"),"🔴 SKIP")) -> 🟢 LAUNCH
A10: KUKU Range | B10: Philippines | C10: natural joint supplement | D10: 20 | E10: - | F10: 0.09 | G10: 0.65 | H10: =(F10+G10)/2 -> 0.37 | I10: =ROUND(Assumptions!$B$4/H10,0) -> 1351 | J10: =ROUND(I10*Assumptions!$B$7,2) -> 33.57 | K10: =IF(J10>0,ROUND(Assumptions!$B$4/J10,0),9999) -> 15 | L10: 280 | M10: =L10*Assumptions!$B$9 -> 126 | N10: =IF(K10<=Assumptions!$B$8,"YES ✓",IF(K10<=M10,"TEST","NO ✗")) -> YES ✓ | O10: English OK | P10: =IF(N10="YES ✓",IF(O10="English OK","🟢 LAUNCH","🟡 LAUNCH+LOC"),IF(N10="TEST",IF(O10="English OK","🟡 TEST","🟠 TEST+LOC"),"🔴 SKIP")) -> 🟢 LAUNCH
A11: KUKU Range | B11: Malaysia | C11: green lipped mussel | D11: 260 | E11: - | F11: 0.04 | G11: 0.36 | H11: =(F11+G11)/2 -> 0.2 | I11: =ROUND(Assumptions!$B$4/H11,0) -> 2500 | J11: =ROUND(I11*Assumptions!$B$7,2) -> 62.13 | K11: =IF(J11>0,ROUND(Assumptions!$B$4/J11,0),9999) -> 8 | L11: 280 | M11: =L11*Assumptions!$B$9 -> 126 | N11: =IF(K11<=Assumptions!$B$8,"YES ✓",IF(K11<=M11,"TEST","NO ✗")) -> YES ✓ | O11: English OK | P11: =IF(N11="YES ✓",IF(O11="English OK","🟢 LAUNCH","🟡 LAUNCH+LOC"),IF(N11="TEST",IF(O11="English OK","🟡 TEST","🟠 TEST+LOC"),"🔴 SKIP")) -> 🟢 LAUNCH
A12: KUKU Range | B12: Malaysia | C12: joint supplements | D12: 70 | E12: - | F12: 0.14 | G12: 0.85 | H12: =(F12+G12)/2 -> 0.495 | I12: =ROUND(Assumptions!$B$4/H12,0) -> 1010 | J12: =ROUND(I12*Assumptions!$B$7,2) -> 25.1 | K12: =IF(J12>0,ROUND(Assumptions!$B$4/J12,0),9999) -> 20 | L12: 280 | M12: =L12*Assumptions!$B$9 -> 126 | N12: =IF(K12<=Assumptions!$B$8,"YES ✓",IF(K12<=M12,"TEST","NO ✗")) -> YES ✓ | O12: English OK | P12: =IF(N12="YES ✓",IF(O12="English OK","🟢 LAUNCH","🟡 LAUNCH+LOC"),IF(N12="TEST",IF(O12="English OK","🟡 TEST","🟠 TEST+LOC"),"🔴 SKIP")) -> 🟢 LAUNCH
A13: KUKU Range | B13: Malaysia | C13: glucosamine chondroitin | D13: 880 | E13: - | F13: 0.03 | G13: 0.42 | H13: =(F13+G13)/2 -> 0.225 | I13: =ROUND(Assumptions!$B$4/H13,0) -> 2222 | J13: =ROUND(I13*Assumptions!$B$7,2) -> 55.22 | K13: =IF(J13>0,ROUND(Assumptions!$B$4/J13,0),9999) -> 9 | L13: 280 | M13: =L13*Assumptions!$B$9 -> 126 | N13: =IF(K13<=Assumptions!$B$8,"YES ✓",IF(K13<=M13,"TEST","NO ✗")) -> YES ✓ | O13: English OK | P13: =IF(N13="YES ✓",IF(O13="English OK","🟢 LAUNCH","🟡 LAUNCH+LOC"),IF(N13="TEST",IF(O13="English OK","🟡 TEST","🟠 TEST+LOC"),"🔴 SKIP")) -> 🟢 LAUNCH
A14: KUKU Range | B14: Malaysia | C14: arthritis supplements | D14: 30 | E14: - | F14: 0.08 | G14: 0.58 | H14: =(F14+G14)/2 -> 0.33 | I14: =ROUND(Assumptions!$B$4/H14,0) -> 1515 | J14: =ROUND(I14*Assumptions!$B$7,2) -> 37.65 | K14: =IF(J14>0,ROUND(Assumptions!$B$4/J14,0),9999) -> 13 | L14: 280 | M14: =L14*Assumptions!$B$9 -> 126 | N14: =IF(K14<=Assumptions!$B$8,"YES ✓",IF(K14<=M14,"TEST","NO ✗")) -> YES ✓ | O14: English OK | P14: =IF(N14="YES ✓",IF(O14="English OK","🟢 LAUNCH","🟡 LAUNCH+LOC"),IF(N14="TEST",IF(O14="English OK","🟡 TEST","🟠 TEST+LOC"),"🔴 SKIP")) -> 🟢 LAUNCH
A15: KUKU Range | B15: Malaysia | C15: mussel oil | D15: 20 | E15: - | F15: 0.06 | G15: 0.42 | H15: =(F15+G15)/2 -> 0.24 | I15: =ROUND(Assumptions!$B$4/H15,0) -> 2083 | J15: =ROUND(I15*Assumptions!$B$7,2) -> 51.76 | K15: =IF(J15>0,ROUND(Assumptions!$B$4/J15,0),9999) -> 10 | L15: 280 | M15: =L15*Assumptions!$B$9 -> 126 | N15: =IF(K15<=Assumptions!$B$8,"YES ✓",IF(K15<=M15,"TEST","NO ✗")) -> YES ✓ | O15: English OK | P15: =IF(N15="YES ✓",IF(O15="English OK","🟢 LAUNCH","🟡 LAUNCH+LOC"),IF(N15="TEST",IF(O15="English OK","🟡 TEST","🟠 TEST+LOC"),"🔴 SKIP")) -> 🟢 LAUNCH
A16: KUKU Range | B16: Thailand | C16: green lipped mussel | D16: 110 | E16: +22% | F16: 0.03 | G16: 0.52 | H16: =(F16+G16)/2 -> 0.275 | I16: =ROUND(Assumptions!$B$4/H16,0) -> 1818 | J16: =ROUND(I16*Assumptions!$B$7,2) -> 45.18 | K16: =IF(J16>0,ROUND(Assumptions!$B$4/J16,0),9999) -> 11 | L16: 280 | M16: =L16*Assumptions!$B$9 -> 126 | N16: =IF(K16<=Assumptions!$B$8,"YES ✓",IF(K16<=M16,"TEST","NO ✗")) -> YES ✓ | O16: Localise | P16: =IF(N16="YES ✓",IF(O16="English OK","🟢 LAUNCH","🟡 LAUNCH+LOC"),IF(N16="TEST",IF(O16="English OK","🟡 TEST","🟠 TEST+LOC"),"🔴 SKIP")) -> 🟡 LAUNCH+LOC
... A184: NANO + White | B184: Hong Kong | C184: skin whitening | D184: 170 | E184: - | F184: 0.3 | G184: 1.75 | H184: =(F184+G184)/2 -> 1.025 | I184: =ROUND(Assumptions!$B$4/H184,0) -> 488 | J184: =ROUND(I184*Assumptions!$B$7,2) -> 12.13 | K184: =IF(J184>0,ROUND(Assumptions!$B$4/J184,0),9999) -> 41 | L184: 120 | M184: =L184*Assumptions!$B$9 -> 54 | N184: =IF(K184<=Assumptions!$B$8,"YES ✓",IF(K184<=M184,"TEST","NO ✗")) -> YES ✓ | O184: English OK | P184: =IF(N184="YES ✓",IF(O184="English OK","🟢 LAUNCH","🟡 LAUNCH+LOC"),IF(N184="TEST",IF(O184="English OK","🟡 TEST","🟠 TEST+LOC"),"🔴 SKIP")) -> 🟢 LAUNCH
